<?xml version="1.0" encoding="UTF-8" standalone="yes"?>
<Picture>
	<PictureVariant name="85.png" screenDensity="bldpi" glyphWidth="220" glyphHeight="58"/>
	<PictureVariant name="100.png" screenDensity="ldpi" glyphWidth="259" glyphHeight="68"/>
	<PictureVariant name="125.png" screenDensity="aldpi" glyphWidth="324" glyphHeight="85"/>
	<PictureVariant name="150.png" screenDensity="mdpi" glyphWidth="389" glyphHeight="102"/>
	<PictureVariant name="175.png" screenDensity="amdpi" glyphWidth="453" glyphHeight="119"/>
	<PictureVariant name="200.png" screenDensity="hdpi" glyphWidth="520" glyphHeight="136"/>
	<PictureVariant name="300.png" screenDensity="xdpi" glyphWidth="780" glyphHeight="204"/>
	<PictureVariant name="400.png" screenDensity="udpi" glyphWidth="1040" glyphHeight="272"/>
</Picture>
